{
  "phase": "R0-multiseed",
  "timestamp": "20260616T080937Z",
  "commit": "f1420a7d7a4667f71202c35ef83090ede2dbe976",
  "dirty": true,
  "seeds": [
    1234,
    7,
    13,
    42,
    99
  ],
  "n_seeds": 5,
  "strategies": {
    "acoustic": {
      "clean": {
        "mean": 0.757088023088023,
        "std": 0.018887473418140753,
        "lo": 0.7336398870132942,
        "hi": 0.7805361591627519,
        "n": 5
      },
      "20db": {
        "mean": 0.7888767676767676,
        "std": 0.014873347115805163,
        "lo": 0.7704120286755675,
        "hi": 0.8073415066779678,
        "n": 5
      },
      "10db": {
        "mean": 0.792774603174603,
        "std": 0.013548200260503407,
        "lo": 0.7759549875360794,
        "hi": 0.8095942188131267,
        "n": 5
      }
    },
    "linguistic": {
      "clean": {
        "mean": 0.9022687830687831,
        "std": 0.03700435791861629,
        "lo": 0.8563291700446131,
        "hi": 0.9482083960929532,
        "n": 5
      },
      "20db": {
        "mean": 0.85066050986051,
        "std": 0.012031027943939992,
        "lo": 0.8357244104626192,
        "hi": 0.8655966092584008,
        "n": 5
      },
      "10db": {
        "mean": 0.8637608465608464,
        "std": 0.01124610013931724,
        "lo": 0.8497992075136955,
        "hi": 0.8777224856079973,
        "n": 5
      }
    },
    "joint": {
      "clean": {
        "mean": 0.9185396825396825,
        "std": 0.005403590531059998,
        "lo": 0.911831314339269,
        "hi": 0.9252480507400961,
        "n": 5
      },
      "20db": {
        "mean": 0.9068359788359789,
        "std": 0.00935877586562937,
        "lo": 0.8952173867071135,
        "hi": 0.9184545709648443,
        "n": 5
      },
      "10db": {
        "mean": 0.9085783549783549,
        "std": 0.013881392535208105,
        "lo": 0.8913450928121374,
        "hi": 0.9258116171445725,
        "n": 5
      }
    }
  },
  "note_f1": {
    "clean": {
      "mean": 0.9967490450725747,
      "std": 0.004300543708464551,
      "lo": 0.9914100708308139,
      "hi": 1.0020880193143356,
      "n": 5
    },
    "10db": {
      "mean": 0.9593115143493296,
      "std": 0.015032085900197107,
      "lo": 0.9406497067125128,
      "hi": 0.9779733219861464,
      "n": 5
    }
  },
  "key_top2": {
    "mean": 0.9828571428571429,
    "std": 0.011952286093343947,
    "lo": 0.968018798706165,
    "hi": 0.9976954870081207,
    "n": 5
  },
  "per_seed": [
    {
      "seed": 1234,
      "router": {
        "acoustic": {
          "clean": 0.7728927368927369,
          "20db": 0.7824867724867723,
          "10db": 0.7934814814814815
        },
        "linguistic": {
          "clean": 0.8507513227513228,
          "20db": 0.834,
          "10db": 0.8582010582010582
        },
        "joint": {
          "clean": 0.9174920634920635,
          "20db": 0.9122222222222223,
          "10db": 0.9185185185185185
        }
      },
      "note_f1": {
        "clean": 1.0,
        "10db": 0.9784514714976902
      },
      "key_top2": 0.9714285714285714,
      "n_fixtures": 225
    },
    {
      "seed": 7,
      "router": {
        "acoustic": {
          "clean": 0.7540394420394418,
          "20db": 0.8030822510822511,
          "10db": 0.8132486772486772
        },
        "linguistic": {
          "clean": 0.9327830687830688,
          "20db": 0.859016835016835,
          "10db": 0.8690158730158729
        },
        "joint": {
          "clean": 0.9153015873015873,
          "20db": 0.9075555555555557,
          "10db": 0.9136084656084655
        }
      },
      "note_f1": {
        "clean": 0.9896867838044309,
        "10db": 0.9676160347588919
      },
      "key_top2": 1.0,
      "n_fixtures": 225
    },
    {
      "seed": 13,
      "router": {
        "acoustic": {
          "clean": 0.7761693121693122,
          "20db": 0.7741269841269841,
          "10db": 0.7946560846560846
        },
        "linguistic": {
          "clean": 0.8772063492063493,
          "20db": 0.8501481481481481,
          "10db": 0.8559682539682539
        },
        "joint": {
          "clean": 0.91184126984127,
          "20db": 0.8909100529100531,
          "10db": 0.9159682539682539
        }
      },
      "note_f1": {
        "clean": 1.0,
        "10db": 0.9613011988011987
      },
      "key_top2": 0.9857142857142858,
      "n_fixtures": 225
    },
    {
      "seed": 42,
      "router": {
        "acoustic": {
          "clean": 0.7533544973544973,
          "20db": 0.8064973544973545,
          "10db": 0.785989417989418
        },
        "linguistic": {
          "clean": 0.9152275132275132,
          "20db": 0.8452592592592593,
          "10db": 0.8545079365079364
        },
        "joint": {
          "clean": 0.9241269841269841,
          "20db": 0.9148253968253969,
          "10db": 0.8843203463203463
        }
      },
      "note_f1": {
        "clean": 0.995844155844156,
        "10db": 0.9485572364143794
      },
      "key_top2": 0.9857142857142858,
      "n_fixtures": 225
    },
    {
      "seed": 99,
      "router": {
        "acoustic": {
          "clean": 0.7289841269841268,
          "20db": 0.7781904761904761,
          "10db": 0.7764973544973544
        },
        "linguistic": {
          "clean": 0.9353756613756612,
          "20db": 0.8648783068783068,
          "10db": 0.8811111111111111
        },
        "joint": {
          "clean": 0.9239365079365078,
          "20db": 0.9086666666666667,
          "10db": 0.9104761904761903
        }
      },
      "note_f1": {
        "clean": 0.9982142857142857,
        "10db": 0.9406316302744876
      },
      "key_top2": 0.9714285714285714,
      "n_fixtures": 225
    }
  ]
}