{
  "seed": 13,
  "router": {
    "acoustic": {
      "clean": 0.7761693121693122,
      "20db": 0.7741269841269841,
      "10db": 0.7946560846560846
    },
    "linguistic": {
      "clean": 0.8772063492063493,
      "20db": 0.8501481481481481,
      "10db": 0.8559682539682539
    },
    "joint": {
      "clean": 0.91184126984127,
      "20db": 0.8909100529100531,
      "10db": 0.9159682539682539
    }
  },
  "note_f1": {
    "clean": 1.0,
    "10db": 0.9613011988011987
  },
  "key_top2": 0.9857142857142858,
  "n_fixtures": 225
}