{
  "seed": 99,
  "router": {
    "acoustic": {
      "clean": 0.7289841269841268,
      "20db": 0.7781904761904761,
      "10db": 0.7764973544973544
    },
    "linguistic": {
      "clean": 0.9353756613756612,
      "20db": 0.8648783068783068,
      "10db": 0.8811111111111111
    },
    "joint": {
      "clean": 0.9239365079365078,
      "20db": 0.9086666666666667,
      "10db": 0.9104761904761903
    }
  },
  "note_f1": {
    "clean": 0.9982142857142857,
    "10db": 0.9406316302744876
  },
  "key_top2": 0.9714285714285714,
  "n_fixtures": 225
}