{
  "seed": 1234,
  "router": {
    "acoustic": {
      "clean": 0.7728927368927369,
      "20db": 0.7824867724867723,
      "10db": 0.7934814814814815
    },
    "linguistic": {
      "clean": 0.8507513227513228,
      "20db": 0.834,
      "10db": 0.8582010582010582
    },
    "joint": {
      "clean": 0.9174920634920635,
      "20db": 0.9122222222222223,
      "10db": 0.9185185185185185
    }
  },
  "note_f1": {
    "clean": 1.0,
    "10db": 0.9784514714976902
  },
  "key_top2": 0.9714285714285714,
  "n_fixtures": 225
}