{
  "seed": 42,
  "router": {
    "acoustic": {
      "clean": 0.7533544973544973,
      "20db": 0.8064973544973545,
      "10db": 0.785989417989418
    },
    "linguistic": {
      "clean": 0.9152275132275132,
      "20db": 0.8452592592592593,
      "10db": 0.8545079365079364
    },
    "joint": {
      "clean": 0.9241269841269841,
      "20db": 0.9148253968253969,
      "10db": 0.8843203463203463
    }
  },
  "note_f1": {
    "clean": 0.995844155844156,
    "10db": 0.9485572364143794
  },
  "key_top2": 0.9857142857142858,
  "n_fixtures": 225
}