{
  "seed": 7,
  "router": {
    "acoustic": {
      "clean": 0.7540394420394418,
      "20db": 0.8030822510822511,
      "10db": 0.8132486772486772
    },
    "linguistic": {
      "clean": 0.9327830687830688,
      "20db": 0.859016835016835,
      "10db": 0.8690158730158729
    },
    "joint": {
      "clean": 0.9153015873015873,
      "20db": 0.9075555555555557,
      "10db": 0.9136084656084655
    }
  },
  "note_f1": {
    "clean": 0.9896867838044309,
    "10db": 0.9676160347588919
  },
  "key_top2": 1.0,
  "n_fixtures": 225
}