{
  "phase": "R0-multiseed",
  "timestamp": "20260617T111138Z",
  "commit": "e993b13efa5b0a8afda643f99ba58f68ef73a522",
  "dirty": false,
  "seeds": [
    1234,
    7,
    13,
    42,
    99,
    5,
    23,
    71
  ],
  "n_seeds": 8,
  "strategies": {
    "acoustic": {
      "clean": {
        "mean": 0.749086099086099,
        "std": 0.020177945388371175,
        "lo": 0.7322142340039184,
        "hi": 0.7659579641682797,
        "n": 8
      },
      "20db": {
        "mean": 0.7849990379990379,
        "std": 0.01492208004953607,
        "lo": 0.772521884527983,
        "hi": 0.7974761914700929,
        "n": 8
      },
      "10db": {
        "mean": 0.7844193121693122,
        "std": 0.02317271237415748,
        "lo": 0.7650433613854289,
        "hi": 0.8037952629531954,
        "n": 8
      }
    },
    "linguistic": {
      "clean": {
        "mean": 0.8945621693121693,
        "std": 0.02489736991616978,
        "lo": 0.873744139624724,
        "hi": 0.9153801989996145,
        "n": 8
      },
      "20db": {
        "mean": 0.8616139971139971,
        "std": 0.03609525552334498,
        "lo": 0.8314328131740463,
        "hi": 0.891795181053948,
        "n": 8
      },
      "10db": {
        "mean": 0.8649249639249639,
        "std": 0.02153971892537635,
        "lo": 0.8469144467676282,
        "hi": 0.8829354810822996,
        "n": 8
      }
    },
    "joint": {
      "clean": {
        "mean": 0.9185357142857142,
        "std": 0.012277941578469618,
        "lo": 0.9082694671623466,
        "hi": 0.9288019614090819,
        "n": 8
      },
      "20db": {
        "mean": 0.9055040885040886,
        "std": 0.01087152098758163,
        "lo": 0.8964138252582439,
        "hi": 0.9145943517499333,
        "n": 8
      },
      "10db": {
        "mean": 0.912808201058201,
        "std": 0.012182185097134928,
        "lo": 0.9026220210775839,
        "hi": 0.9229943810388181,
        "n": 8
      }
    }
  },
  "hallucination": {
    "acoustic": {
      "mean": 0.0,
      "std": 0.0,
      "lo": 0.0,
      "hi": 0.0,
      "n": 8
    },
    "linguistic": {
      "mean": 0.0027777777777777775,
      "std": 0.003306772485079311,
      "lo": 1.2807501969682496e-05,
      "hi": 0.005542748053585872,
      "n": 8
    },
    "joint": {
      "mean": 0.0005555555555555556,
      "std": 0.0015713484026367722,
      "lo": -0.0007583333333333332,
      "hi": 0.0018694444444444444,
      "n": 8
    }
  },
  "hallucination_pooled": {
    "acoustic": {
      "h": 0,
      "n": 1800
    },
    "linguistic": {
      "h": 5,
      "n": 1800
    },
    "joint": {
      "h": 1,
      "n": 1800
    }
  },
  "note_f1": {
    "clean": {
      "mean": 0.9967647487316605,
      "std": 0.0035500457468594145,
      "lo": 0.9937963646011782,
      "hi": 0.9997331328621429,
      "n": 8
    },
    "10db": {
      "mean": 0.9646619160484707,
      "std": 0.014145426803444782,
      "lo": 0.9528341641161494,
      "hi": 0.9764896679807921,
      "n": 8
    }
  },
  "key_top2": {
    "mean": 0.9821428571428572,
    "std": 0.019839002137983255,
    "lo": 0.9655544007368818,
    "hi": 0.9987313135488326,
    "n": 8
  },
  "per_seed": [
    {
      "seed": 1234,
      "router": {
        "acoustic": {
          "clean": 0.7728927368927369,
          "20db": 0.7824867724867723,
          "10db": 0.7934814814814815
        },
        "linguistic": {
          "clean": 0.8522116402116402,
          "20db": 0.8015353535353534,
          "10db": 0.8592804232804231
        },
        "joint": {
          "clean": 0.9246984126984126,
          "20db": 0.8942655122655122,
          "10db": 0.9156296296296296
        }
      },
      "hallucination": {
        "acoustic": 0.0,
        "linguistic": 0.0,
        "joint": 0.0
      },
      "halluc_counts": {
        "acoustic": {
          "h": 0,
          "n": 225
        },
        "linguistic": {
          "h": 0,
          "n": 225
        },
        "joint": {
          "h": 0,
          "n": 225
        }
      },
      "note_f1": {
        "clean": 1.0,
        "10db": 0.9784514714976902
      },
      "key_top2": 0.9714285714285714,
      "n_fixtures": 225
    },
    {
      "seed": 7,
      "router": {
        "acoustic": {
          "clean": 0.7540394420394418,
          "20db": 0.8030822510822511,
          "10db": 0.8132486772486772
        },
        "linguistic": {
          "clean": 0.9095449735449733,
          "20db": 0.877090909090909,
          "10db": 0.8352592592592591
        },
        "joint": {
          "clean": 0.9130793650793649,
          "20db": 0.9108888888888889,
          "10db": 0.9072275132275132
        }
      },
      "hallucination": {
        "acoustic": 0.0,
        "linguistic": 0.0044444444444444444,
        "joint": 0.0
      },
      "halluc_counts": {
        "acoustic": {
          "h": 0,
          "n": 225
        },
        "linguistic": {
          "h": 1,
          "n": 225
        },
        "joint": {
          "h": 0,
          "n": 225
        }
      },
      "note_f1": {
        "clean": 0.9896867838044309,
        "10db": 0.9676160347588919
      },
      "key_top2": 1.0,
      "n_fixtures": 225
    },
    {
      "seed": 13,
      "router": {
        "acoustic": {
          "clean": 0.7761693121693122,
          "20db": 0.7741269841269841,
          "10db": 0.7946560846560846
        },
        "linguistic": {
          "clean": 0.8736507936507936,
          "20db": 0.8457037037037037,
          "10db": 0.8811111111111111
        },
        "joint": {
          "clean": 0.9142857142857143,
          "20db": 0.8899894179894181,
          "10db": 0.9053015873015873
        }
      },
      "hallucination": {
        "acoustic": 0.0,
        "linguistic": 0.0044444444444444444,
        "joint": 0.0
      },
      "halluc_counts": {
        "acoustic": {
          "h": 0,
          "n": 225
        },
        "linguistic": {
          "h": 1,
          "n": 225
        },
        "joint": {
          "h": 0,
          "n": 225
        }
      },
      "note_f1": {
        "clean": 1.0,
        "10db": 0.9613011988011987
      },
      "key_top2": 0.9857142857142858,
      "n_fixtures": 225
    },
    {
      "seed": 42,
      "router": {
        "acoustic": {
          "clean": 0.7533544973544973,
          "20db": 0.8064973544973545,
          "10db": 0.785989417989418
        },
        "linguistic": {
          "clean": 0.9130582010582011,
          "20db": 0.8206560846560846,
          "10db": 0.8495584415584415
        },
        "joint": {
          "clean": 0.9203174603174602,
          "20db": 0.89815873015873,
          "10db": 0.9051216931216932
        }
      },
      "hallucination": {
        "acoustic": 0.0,
        "linguistic": 0.0,
        "joint": 0.0
      },
      "halluc_counts": {
        "acoustic": {
          "h": 0,
          "n": 225
        },
        "linguistic": {
          "h": 0,
          "n": 225
        },
        "joint": {
          "h": 0,
          "n": 225
        }
      },
      "note_f1": {
        "clean": 0.995844155844156,
        "10db": 0.9485572364143794
      },
      "key_top2": 0.9857142857142858,
      "n_fixtures": 225
    },
    {
      "seed": 99,
      "router": {
        "acoustic": {
          "clean": 0.7289841269841268,
          "20db": 0.7781904761904761,
          "10db": 0.7764973544973544
        },
        "linguistic": {
          "clean": 0.9248994708994709,
          "20db": 0.8805925925925927,
          "10db": 0.8949206349206349
        },
        "joint": {
          "clean": 0.9186031746031744,
          "20db": 0.9035555555555556,
          "10db": 0.9180952380952382
        }
      },
      "hallucination": {
        "acoustic": 0.0,
        "linguistic": 0.0,
        "joint": 0.0
      },
      "halluc_counts": {
        "acoustic": {
          "h": 0,
          "n": 225
        },
        "linguistic": {
          "h": 0,
          "n": 225
        },
        "joint": {
          "h": 0,