{
  "seed": 7,
  "router": {
    "acoustic": {
      "clean": 0.7540394420394418,
      "20db": 0.8030822510822511,
      "10db": 0.8132486772486772
    },
    "linguistic": {
      "clean": 0.9095449735449733,
      "20db": 0.877090909090909,
      "10db": 0.8352592592592591
    },
    "joint": {
      "clean": 0.9130793650793649,
      "20db": 0.9108888888888889,
      "10db": 0.9072275132275132
    }
  },
  "hallucination": {
    "acoustic": 0.0,
    "linguistic": 0.0044444444444444444,
    "joint": 0.0
  },
  "halluc_counts": {
    "acoustic": {
      "h": 0,
      "n": 225
    },
    "linguistic": {
      "h": 1,
      "n": 225
    },
    "joint": {
      "h": 0,
      "n": 225
    }
  },
  "note_f1": {
    "clean": 0.9896867838044309,
    "10db": 0.9676160347588919
  },
  "key_top2": 1.0,
  "n_fixtures": 225
}