{
  "seed": 71,
  "router": {
    "acoustic": {
      "clean": 0.7342962962962962,
      "20db": 0.796021164021164,
      "10db": 0.7835449735449735
    },
    "linguistic": {
      "clean": 0.9026560846560847,
      "20db": 0.9108888888888891,
      "10db": 0.8856190476190475
    },
    "joint": {
      "clean": 0.9132698412698415,
      "20db": 0.9220000000000003,
      "10db": 0.9248994708994707
    }
  },
  "hallucination": {
    "acoustic": 0.0,
    "linguistic": 0.0044444444444444444,
    "joint": 0.0
  },
  "halluc_counts": {
    "acoustic": {
      "h": 0,
      "n": 225
    },
    "linguistic": {
      "h": 1,
      "n": 225
    },
    "joint": {
      "h": 0,
      "n": 225
    }
  },
  "note_f1": {
    "clean": 0.9990476190476191,
    "10db": 0.981018069232355
  },
  "key_top2": 1.0,
  "n_fixtures": 225
}