{
  "seed": 13,
  "router": {
    "acoustic": {
      "clean": 0.7761693121693122,
      "20db": 0.7741269841269841,
      "10db": 0.7946560846560846
    },
    "linguistic": {
      "clean": 0.8736507936507936,
      "20db": 0.8457037037037037,
      "10db": 0.8811111111111111
    },
    "joint": {
      "clean": 0.9142857142857143,
      "20db": 0.8899894179894181,
      "10db": 0.9053015873015873
    }
  },
  "hallucination": {
    "acoustic": 0.0,
    "linguistic": 0.0044444444444444444,
    "joint": 0.0
  },
  "halluc_counts": {
    "acoustic": {
      "h": 0,
      "n": 225
    },
    "linguistic": {
      "h": 1,
      "n": 225
    },
    "joint": {
      "h": 0,
      "n": 225
    }
  },
  "note_f1": {
    "clean": 1.0,
    "10db": 0.9613011988011987
  },
  "key_top2": 0.9857142857142858,
  "n_fixtures": 225
}