{
  "seed": 5,
  "router": {
    "acoustic": {
      "clean": 0.7533015873015872,
      "20db": 0.7725079365079364,
      "10db": 0.7942857142857142
    },
    "linguistic": {
      "clean": 0.9063386243386243,
      "20db": 0.8777037037037035,
      "10db": 0.8705820105820107
    },
    "joint": {
      "clean": 0.9433968253968255,
      "20db": 0.9133333333333331,
      "10db": 0.9319365079365078
    }
  },
  "hallucination": {
    "acoustic": 0.0,
    "linguistic": 0.008888888888888889,
    "joint": 0.0044444444444444444
  },
  "halluc_counts": {
    "acoustic": {
      "h": 0,
      "n": 225
    },
    "linguistic": {
      "h": 2,
      "n": 225
    },
    "joint": {
      "h": 1,
      "n": 225
    }
  },
  "note_f1": {
    "clean": 0.9974789915966387,
    "10db": 0.9738662527948242
  },
  "key_top2": 0.9428571428571428,
  "n_fixtures": 225
}