{
  "seed": 23,
  "router": {
    "acoustic": {
      "clean": 0.7196507936507937,
      "20db": 0.7670793650793649,
      "10db": 0.7336507936507936
    },
    "linguistic": {
      "clean": 0.8741375661375662,
      "20db": 0.8787407407407408,
      "10db": 0.843068783068783
    },
    "joint": {
      "clean": 0.9006349206349205,
      "20db": 0.91184126984127,
      "10db": 0.8942539682539681
    }
  },
  "hallucination": {
    "acoustic": 0.0,
    "linguistic": 0.0,
    "joint": 0.0
  },
  "halluc_counts": {
    "acoustic": {
      "h": 0,
      "n": 225
    },
    "linguistic": {
      "h": 0,
      "n": 225
    },
    "joint": {
      "h": 0,
      "n": 225
    }
  },
  "note_f1": {
    "clean": 0.9938461538461538,
    "10db": 0.9658534346139387
  },
  "key_top2": 1.0,
  "n_fixtures": 225
}