{
  "seed": 99,
  "router": {
    "acoustic": {
      "clean": 0.7289841269841268,
      "20db": 0.7781904761904761,
      "10db": 0.7764973544973544
    },
    "linguistic": {
      "clean": 0.9248994708994709,
      "20db": 0.8805925925925927,
      "10db": 0.8949206349206349
    },
    "joint": {
      "clean": 0.9186031746031744,
      "20db": 0.9035555555555556,
      "10db": 0.9180952380952382
    }
  },
  "hallucination": {
    "acoustic": 0.0,
    "linguistic": 0.0,
    "joint": 0.0
  },
  "halluc_counts": {
    "acoustic": {
      "h": 0,
      "n": 225
    },
    "linguistic": {
      "h": 0,
      "n": 225
    },
    "joint": {
      "h": 0,
      "n": 225
    }
  },
  "note_f1": {
    "clean": 0.9982142857142857,
    "10db": 0.9406316302744876
  },
  "key_top2": 0.9714285714285714,
  "n_fixtures": 225
}