{
  "seed": 1234,
  "router": {
    "acoustic": {
      "clean": 0.7728927368927369,
      "20db": 0.7824867724867723,
      "10db": 0.7934814814814815
    },
    "linguistic": {
      "clean": 0.8522116402116402,
      "20db": 0.8015353535353534,
      "10db": 0.8592804232804231
    },
    "joint": {
      "clean": 0.9246984126984126,
      "20db": 0.8942655122655122,
      "10db": 0.9156296296296296
    }
  },
  "hallucination": {
    "acoustic": 0.0,
    "linguistic": 0.0,
    "joint": 0.0
  },
  "halluc_counts": {
    "acoustic": {
      "h": 0,
      "n": 225
    },
    "linguistic": {
      "h": 0,
      "n": 225
    },
    "joint": {
      "h": 0,
      "n": 225
    }
  },
  "note_f1": {
    "clean": 1.0,
    "10db": 0.9784514714976902
  },
  "key_top2": 0.9714285714285714,
  "n_fixtures": 225
}