{
  "seed": 42,
  "router": {
    "acoustic": {
      "clean": 0.7533544973544973,
      "20db": 0.8064973544973545,
      "10db": 0.785989417989418
    },
    "linguistic": {
      "clean": 0.9130582010582011,
      "20db": 0.8206560846560846,
      "10db": 0.8495584415584415
    },
    "joint": {
      "clean": 0.9203174603174602,
      "20db": 0.89815873015873,
      "10db": 0.9051216931216932
    }
  },
  "hallucination": {
    "acoustic": 0.0,
    "linguistic": 0.0,
    "joint": 0.0
  },
  "halluc_counts": {
    "acoustic": {
      "h": 0,
      "n": 225
    },
    "linguistic": {
      "h": 0,
      "n": 225
    },
    "joint": {
      "h": 0,
      "n": 225
    }
  },
  "note_f1": {
    "clean": 0.995844155844156,
    "10db": 0.9485572364143794
  },
  "key_top2": 0.9857142857142858,
  "n_fixtures": 225
}