{
  "phase": "R0-multiseed",
  "timestamp": "20260616T225828Z",
  "commit": "827e7c5c7d7a239632d7cee294eb3645d7d4a5ed",
  "dirty": true,
  "seeds": [
    1234,
    7,
    13,
    42,
    99,
    5,
    23,
    71
  ],
  "n_seeds": 8,
  "strategies": {
    "acoustic": {
      "clean": {
        "mean": 0.749086099086099,
        "std": 0.020177945388371175,
        "lo": 0.7322142340039184,
        "hi": 0.7659579641682797,
        "n": 8
      },
      "20db": {
        "mean": 0.7849990379990379,
        "std": 0.01492208004953607,
        "lo": 0.772521884527983,
        "hi": 0.7974761914700929,
        "n": 8
      },
      "10db": {
        "mean": 0.7844193121693122,
        "std": 0.02317271237415748,
        "lo": 0.7650433613854289,
        "hi": 0.8037952629531954,
        "n": 8
      }
    },
    "linguistic": {
      "clean": {
        "mean": 0.897915343915344,
        "std": 0.02402375710645121,
        "lo": 0.877827788871176,
        "hi": 0.918002898959512,
        "n": 8
      },
      "20db": {
        "mean": 0.8663493265993266,
        "std": 0.027581550571083403,
        "lo": 0.8432869091412613,
        "hi": 0.889411744057392,
        "n": 8
      },
      "10db": {
        "mean": 0.8724589947089947,
        "std": 0.015481904546881206,
        "lo": 0.8595137418746444,
        "hi": 0.885404247543345,
        "n": 8
      }
    },
    "joint": {
      "clean": {
        "mean": 0.9231917989417989,
        "std": 0.014388486113412495,
        "lo": 0.9111608120514175,
        "hi": 0.9352227858321803,
        "n": 8
      },
      "20db": {
        "mean": 0.9050423280423281,
        "std": 0.007753279221872821,
        "lo": 0.898559394400764,
        "hi": 0.9115252616838921,
        "n": 8
      },
      "10db": {
        "mean": 0.9155515873015873,
        "std": 0.00965157589472083,
        "lo": 0.9074813857428099,
        "hi": 0.9236217888603646,
        "n": 8
      }
    }
  },
  "note_f1": {
    "clean": {
      "mean": 0.9967647487316605,
      "std": 0.0035500457468594145,
      "lo": 0.9937963646011782,
      "hi": 0.9997331328621429,
      "n": 8
    },
    "10db": {
      "mean": 0.9646619160484707,
      "std": 0.014145426803444782,
      "lo": 0.9528341641161494,
      "hi": 0.9764896679807921,
      "n": 8
    }
  },
  "key_top2": {
    "mean": 0.9821428571428572,
    "std": 0.019839002137983255,
    "lo": 0.9655544007368818,
    "hi": 0.9987313135488326,
    "n": 8
  },
  "per_seed": [
    {
      "seed": 1234,
      "router": {
        "acoustic": {
          "clean": 0.7728927368927369,
          "20db": 0.7824867724867723,
          "10db": 0.7934814814814815
        },
        "linguistic": {
          "clean": 0.8602116402116402,
          "20db": 0.8462222222222222,
          "10db": 0.8582010582010582
        },
        "joint": {
          "clean": 0.9313650793650792,
          "20db": 0.9093333333333333,
          "10db": 0.9086455026455027
        }
      },
      "note_f1": {
        "clean": 1.0,
        "10db": 0.9784514714976902
      },
      "key_top2": 0.9714285714285714,
      "n_fixtures": 225
    },
    {
      "seed": 7,
      "router": {
        "acoustic": {
          "clean": 0.7540394420394418,
          "20db": 0.8030822510822511,
          "10db": 0.8132486772486772
        },
        "linguistic": {
          "clean": 0.9115978835978836,
          "20db": 0.8784242424242426,
          "10db": 0.8755661375661374
        },
        "joint": {
          "clean": 0.9206349206349205,
          "20db": 0.898888888888889,
          "10db": 0.9269629629629628
        }
      },
      "note_f1": {
        "clean": 0.9896867838044309,
        "10db": 0.9676160347588919
      },
      "key_top2": 1.0,
      "n_fixtures": 225
    },
    {
      "seed": 13,
      "router": {
        "acoustic": {
          "clean": 0.7761693121693122,
          "20db": 0.7741269841269841,
          "10db": 0.7946560846560846
        },
        "linguistic": {
          "clean": 0.8827619047619047,
          "20db": 0.8686666666666667,
          "10db": 0.8547619047619048
        },
        "joint": {
          "clean": 0.9160634920634921,
          "20db": 0.8955449735449738,
          "10db": 0.9058095238095237
        }
      },
      "note_f1": {
        "clean": 1.0,
        "10db": 0.9613011988011987
      },
      "key_top2": 0.9857142857142858,
      "n_fixtures": 225
    },
    {
      "seed": 42,
      "router": {
        "acoustic": {
          "clean": 0.7533544973544973,
          "20db": 0.8064973544973545,
          "10db": 0.785989417989418
        },
        "linguistic": {
          "clean": 0.8915767195767196,
          "20db": 0.8154814814814815,
          "10db": 0.882952380952381
        },
        "joint": {
          "clean": 0.9206984126984128,
          "20db": 0.9111746031746031,
          "10db": 0.9077142857142856
        }
      },
      "note_f1": {
        "clean": 0.995844155844156,
        "10db": 0.9485572364143794
      },
      "key_top2": 0.9857142857142858,
      "n_fixtures": 225
    },
    {
      "seed": 99,
      "router": {
        "acoustic": {
          "clean": 0.7289841269841268,
          "20db": 0.7781904761904761,
          "10db": 0.7764973544973544
        },
        "linguistic": {
          "clean": 0.9286878306878307,
          "20db": 0.8705925925925925,
          "10db": 0.9033333333333333
        },
        "joint": {
          "clean": 0.9216931216931217,
          "20db": 0.9022222222222223,
          "10db": 0.9078095238095238
        }
      },
      "note_f1": {
        "clean": 0.9982142857142857,
        "10db": 0.9406316302744876
      },
      "key_top2": 0.9714285714285714,
      "n_fixtures": 225
    },
    {
      "seed": 5,
      "router": {
        "acoustic": {
          "clean": 0.7533015873015872,
          "20db": 0.7725079365079364,
          "10db": 0.7942857142857142
        },
        "linguistic": {
          "clean": 0.9304126984126985,
          "20db": 0.8643703703703705,
          "10db": 0.8710899470899469
        },
        "joint": {
          "clean": 0.9526349206349206,
          "20db": 0.9111111111111111,
          "10db": 0.9281269841269841
        }
      },
      "note_f1": {
        "clean": 0.9974789915966387,
        "10db": 0.9738662527948242
      },
      "key_top2": 0.9428571428571428,
      "n_fixtures": 225
    },
    {
      "seed": 23,
      "router": {
        "acoustic": {
          "clean": 0.7196507936507937,
          "20db": 0.7670793650793649,
          "10db": 0.7336507936507936
        },
        "linguistic": {
          "clean": 0.8884338624338625,
          "20db": 0.8750370370370371,
          "10db": 0.8703703703703702
        },
        "joint": {
          "clean": 0.9021904761904761,
          "20db": 0.8962857142857144,
          "10db": 0.913936507936508
        }
      },
      "note_f1": {
        "clean": 0.9938461538461538,
        "10db": 0.9658534346139387
      },
      "key_top2": 1.0,
      "n_fixtures": 225
    },
    {
      "seed": 71,
      "router": {
        "acoustic": {
          "clean": 0.7342962962962962,
          "20db": 0.796021164021164,
          "10db": 0.7835449735449735
        },
        "linguistic": {
          "clean": 0.8896402116402116,
          "20db": 0.9119999999999999,
          "10db": 0.8633968253968254
        },
        "joint": {
          "clean": 0.9202539682539683,
          "20db": 0.9157777777777778,
          "10db": 0.9254074074074073
        }
      },
      "note_f1": {
        "clean": 0.9990476190476191,
        "10db": 0.981018069232355
      },
      "key_top2": 1.0,
      "n_fixtures": 225
    }
  ]
}