{
  "seed": 13,
  "router": {
    "acoustic": {
      "clean": 0.7761693121693122,
      "20db": 0.7741269841269841,
      "10db": 0.7946560846560846
    },
    "linguistic": {
      "clean": 0.8827619047619047,
      "20db": 0.8686666666666667,
      "10db": 0.8547619047619048
    },
    "joint": {
      "clean": 0.9160634920634921,
      "20db": 0.8955449735449738,
      "10db": 0.9058095238095237
    }
  },
  "note_f1": {
    "clean": 1.0,
    "10db": 0.9613011988011987
  },
  "key_top2": 0.9857142857142858,
  "n_fixtures": 225
}