{
  "seed": 42,
  "router": {
    "acoustic": {
      "clean": 0.7533544973544973,
      "20db": 0.8064973544973545,
      "10db": 0.785989417989418
    },
    "linguistic": {
      "clean": 0.8915767195767196,
      "20db": 0.8154814814814815,
      "10db": 0.882952380952381
    },
    "joint": {
      "clean": 0.9206984126984128,
      "20db": 0.9111746031746031,
      "10db": 0.9077142857142856
    }
  },
  "note_f1": {
    "clean": 0.995844155844156,
    "10db": 0.9485572364143794
  },
  "key_top2": 0.9857142857142858,
  "n_fixtures": 225
}