{
  "seed": 71,
  "router": {
    "acoustic": {
      "clean": 0.7342962962962962,
      "20db": 0.796021164021164,
      "10db": 0.7835449735449735
    },
    "linguistic": {
      "clean": 0.8896402116402116,
      "20db": 0.9119999999999999,
      "10db": 0.8633968253968254
    },
    "joint": {
      "clean": 0.9202539682539683,
      "20db": 0.9157777777777778,
      "10db": 0.9254074074074073
    }
  },
  "note_f1": {
    "clean": 0.9990476190476191,
    "10db": 0.981018069232355
  },
  "key_top2": 1.0,
  "n_fixtures": 225
}