{
  "seed": 7,
  "router": {
    "acoustic": {
      "clean": 0.7540394420394418,
      "20db": 0.8030822510822511,
      "10db": 0.8132486772486772
    },
    "linguistic": {
      "clean": 0.9115978835978836,
      "20db": 0.8784242424242426,
      "10db": 0.8755661375661374
    },
    "joint": {
      "clean": 0.9206349206349205,
      "20db": 0.898888888888889,
      "10db": 0.9269629629629628
    }
  },
  "note_f1": {
    "clean": 0.9896867838044309,
    "10db": 0.9676160347588919
  },
  "key_top2": 1.0,
  "n_fixtures": 225
}