{
  "seed": 5,
  "router": {
    "acoustic": {
      "clean": 0.7533015873015872,
      "20db": 0.7725079365079364,
      "10db": 0.7942857142857142
    },
    "linguistic": {
      "clean": 0.9304126984126985,
      "20db": 0.8643703703703705,
      "10db": 0.8710899470899469
    },
    "joint": {
      "clean": 0.9526349206349206,
      "20db": 0.9111111111111111,
      "10db": 0.9281269841269841
    }
  },
  "note_f1": {
    "clean": 0.9974789915966387,
    "10db": 0.9738662527948242
  },
  "key_top2": 0.9428571428571428,
  "n_fixtures": 225
}