{
  "seed": 99,
  "router": {
    "acoustic": {
      "clean": 0.7289841269841268,
      "20db": 0.7781904761904761,
      "10db": 0.7764973544973544
    },
    "linguistic": {
      "clean": 0.9286878306878307,
      "20db": 0.8705925925925925,
      "10db": 0.9033333333333333
    },
    "joint": {
      "clean": 0.9216931216931217,
      "20db": 0.9022222222222223,
      "10db": 0.9078095238095238
    }
  },
  "note_f1": {
    "clean": 0.9982142857142857,
    "10db": 0.9406316302744876
  },
  "key_top2": 0.9714285714285714,
  "n_fixtures": 225
}