{
  "seed": 23,
  "router": {
    "acoustic": {
      "clean": 0.7196507936507937,
      "20db": 0.7670793650793649,
      "10db": 0.7336507936507936
    },
    "linguistic": {
      "clean": 0.8884338624338625,
      "20db": 0.8750370370370371,
      "10db": 0.8703703703703702
    },
    "joint": {
      "clean": 0.9021904761904761,
      "20db": 0.8962857142857144,
      "10db": 0.913936507936508
    }
  },
  "note_f1": {
    "clean": 0.9938461538461538,
    "10db": 0.9658534346139387
  },
  "key_top2": 1.0,
  "n_fixtures": 225
}